Nombre de archivo;group001.Question001;group002.Question002;group002.Question003;group002.Question004;group002.Question005;group002.Question006;group002.Question007;group002.Question008;group002.Question009;group003.Question010;group003.Question011;group003.Question012;group003.Question013;group003.Question014;group003.Question015;group003.Question016;group003.Question017;group003.Question018;group003.Question019;group003.Question020;group003.Question021;group003.Question022;group003.Question023;group003.Question024;group003.Question025;group003.Question026;group003.Question027;group003.Question028;group003.Question029;group003.Question030;group003.Question031;group003.Question032;group003.Question033;group003.Question034;group003.Question035;group003.Question036;group003.Question037;group003.Question038;group003.Question039;group004.Question040;group004.Question041;group004.Question042;group004.Question043;group004.Question044;group004.Question045;group004.Question046;group004.Question047;group004.Question048;group004.Question049;group004.Question050;group004.Question051;group004.Question052;group004.Question053;group004.Question054;group004.Question055;group004.Question056;group004.Question057;group004.Question058;group004.Question059;group004.Question060;group004.Question061;group004.Question062;group004.Question063;group004.Question064;group004.Question065;group004.Question066;group004.Question067;group004.Question068;group004.Question069;group005.Question070;group005.Question071;group005.Question072;group005.Question073;group005.Question074;group005.Question075;group005.Question076;group005.Question077;group005.Question078;group005.Question079;group005.Question080;group005.Question081;group005.Question082;group005.Question083;group005.Question084;group005.Question085;group005.Question086;group005.Question087;group005.Question088;group005.Question089;group005.Question090;group005.Question091;group005.Question092;group005.Question093;group005.Question094;group005.Question095;group005.Question096;group005.Question097;group005.Question098;group005.Question099;group006.Question100;group006.Question101;group006.Question102;group006.Question103;group006.Question104;group006.Question105;group006.Question106;group006.Question107;group006.Question108;group006.Question109;group006.Question110;group006.Question111;group006.Question112;group006.Question113;group006.Question114;group006.Question115;group006.Question116;group006.Question117;group006.Question118;group006.Question119;group006.Question120;group006.Question121;group006.Question122;group006.Question123;group006.Question124;group006.Question125;group006.Question126;group006.Question127;group006.Question128;group006.Question129;group007.Question130;group007.Question131;group007.Question132;group007.Question133;group007.Question134;group007.Question135;group007.Question136;group007.Question137;group007.Question138;group007.Question139;group007.Question140;group007.Question141;group007.Question142;group007.Question143
foto0001;H;1;1;4;0;8;1;9;5;B;C;A;D;B|C;A;;D;;C;A;D;B;A;C;B;D;B;D;;B;D;;;;;;;;;;;;;;;;;;;;;;;;;;;;;;;;;;;;;;;;;;;;;;;;;;;;;;;;;;;;;;;;;;;;;;;;;;;;;;;;;;;;;;;;;;;;;;;;;;;;;;;;;;;;;;;;
foto0002;G;;;;;;;;;;;;;;;;;;;;;;;;;;;;;;;;;;;;;;;;;;;;;;;;;;;;;;;;;;;;;;;;;;;;;;;;;;;;;;;;;;;;;;;;;;;;;;;;;;;;;;;;;;;;;;;;;;;;;;;;;;;;;;;;;;;;;;;;;;;;;;
foto0003;H;;;;;;;;;;;;;;;;;;;;;;;;;;;;;;;;;;;;;;;;;;;;;;;;;;;;;;;;;;;;;;;;;;;;;;;;;;;;;;;;;;;;;;;;;;;;;;;;;;;;;;;;;;;;;;;;;;;;;;;;;;;;;;;;;;;;;;;;;;;;;;
foto0004;G;;;;;;;;;;;;;;;;;;;;;;;;;;;;;;;;;;;;;;;;;;;;;;;;;;;;;;;;;;;;;;;;;;;;;;;;;;;;;;;;;;;;;;;;;;;;;;;;;;;;;;;;;;;;;;;;;;;;;;;;;;;;;;;;;;;;;;;;;;;;;;
foto0005;H;8;6;7;0;5;0;3;9;C;A;B;C;;B;;B;;;C;B;D;A;B;D;B;B;C;A;C;A;B;D;C;B;;C;B;;;;C;C;B;B;B;B;C;C;B;;;;;;;;;;;A;B;C;D;B;C;D;B;D;;;;;;;;;;;;;;;;;;;;;;;;;;;;;;;;;;;;;;;;;;;;;;;;;;;;;;;;;;;;;;;;;;;;;;;;;;
foto0006;G;8;6;7;0;5;0;3;9;A;B;D;D;B;C;B;D;B;C;A;B;D;B;C;D;D;C;C;B;A;B;B;B;C;B;A;B;D;B;A;D;C;A;B;C;B;B;A;C;B;A;A;B;C;D;C;C;C;B;B;A;B;C;B;D;B;C;A;D;A;B;C;D;C;D;C;B;A;B;C;B;B;B;C;D;C;B;C;A;D;A;D;A;C;A;D;A|B;B;D;A;D;B;C;B;C;B;C;C;C;B;B;B;C;B;A;A;B;A;C;D;C;C;B;A;B;C;B;D;A;H;A;G;;C|F;;E;H;A;D;F;G;A;C